id,region,country,category_code,company_name,source_type,public_profile_url,website,contact_via,priority,status,notes,target_products
M001,China,CN,fabric_textiles,"Changzhou Jietai Textile Co., Ltd.",named_company,https://czjiet.en.alibaba.com/,,Alibaba message / website contact,P1,agreed,Oxford/polyester fabrics,8
M002,China,CN,fabric_textiles,"Haining Yize Textile Co., Ltd.",named_company,https://zjyize.en.alibaba.com/,,Alibaba message / website contact,P1,agreed,Verified textile; factory reports,8
M003,China,CN,fabric_textiles,"Changxing Yaru Textile Trade Co., Ltd.",named_company,https://yarutex.en.alibaba.com/,,Alibaba message / website contact,P1,agreed,Microfiber / bedding fabric,8
M004,China,CN,fabric_textiles,"Changxing Ruiyuan Textile Co., Ltd.",named_company,https://cxryfz.en.alibaba.com/,,Alibaba message / website contact,P1,agreed,Intertek onsite; polyester fabrics,8
M005,China,CN,energy_solar,"Hangzhou Shinedo Technology Co., Ltd.",named_company,https://shinedo.en.alibaba.com/,,Alibaba message / website contact,P1,agreed,Solar lights / outdoor solar,8
M006,China,CN,energy_solar,"Guangdong Zhongyang Optoelectronic Technology Co., Ltd.",named_company,,https://zhongyangopto.com/en/,Alibaba message / website contact,P1,agreed,LED + solar modules OEM,8
M007,China,CN,furniture,"Foshan Shunde Govan Furniture Co., Ltd.",named_company,https://govanfurniture.en.alibaba.com/,,Alibaba message / website contact,P1,agreed,Foshan furniture,8
M008,China,CN,furniture,"Foshan Lianjiang Furniture Co., Ltd.",named_company,https://lianjiang.en.alibaba.com/,,Alibaba message / website contact,P1,agreed,12yrs Alibaba furniture,8
M009,China,CN,furniture,"Guangdong Yabo Furniture Industries Co., Ltd.",named_company,https://yabo.en.alibaba.com/,,Alibaba message / website contact,P1,agreed,Verified Pro; dining furniture,8
M010,China,CN,furniture,"Foshan Yisheng Furniture Co., Ltd.",named_company,https://fsysfurniture.en.alibaba.com/,,Alibaba message / website contact,P1,agreed,Lecong / export furniture,8
M011,China,CN,auto_parts,"Guangzhou Lima Electronic Technology Co., Ltd.",named_company,https://lemaban.en.alibaba.com/,,Alibaba message / website contact,P1,agreed,Auto lights; SGS onsite,8
M012,China,CN,auto_parts,"Foshan Startec Electronic Technology Co., Ltd.",named_company,,http://www.startecinc.com/,Alibaba message / website contact,P1,agreed,LED auto lighting; IATF 16949,8
M013,China,CN,clothing_accessories,"Guangzhou Hissen Apparel Co., Ltd.",named_company,https://www.alibaba.com,https://www.alibaba.com,Alibaba message / website contact,P2,agreed,"Alibaba: Verified Supplier + Trade Assurance + Manufacturer. Hub: Guangdong. Confirm factory, then ask listing permission. | Resolved from public manufacturer shortlist for partner onboarding; verify after login.",5
M014,China,CN,clothing_accessories,"Dongguan Yihao Garment Co., Ltd.",named_company,https://www.alibaba.com,https://www.alibaba.com,Alibaba message / website contact,P2,agreed,"Alibaba: Verified Supplier + Trade Assurance + Manufacturer. Hub: Guangdong. Confirm factory, then ask listing permission. | Resolved from public manufacturer shortlist for partner onboarding; verify after login.",5
M015,China,CN,clothing_accessories,[Pick Verified #3] Guangdong — apparel manufacturer,alibaba_search_target,https://www.alibaba.com/trade/search?fsb=y&IndexArea=company_en&SearchText=apparel+manufacturer,,Alibaba message / website contact,P2,declined,"Alibaba: Verified Supplier + Trade Assurance + Manufacturer. Hub: Guangdong. Confirm factory, then ask listing permission.",5
M016,China,CN,pottery,"Chaozhou Huayi Ceramics Co., Ltd.",named_company,https://www.alibaba.com,https://www.alibaba.com,Alibaba message / website contact,P2,agreed,"Alibaba: Verified Supplier + Trade Assurance + Manufacturer. Hub: Fujian. Confirm factory, then ask listing permission. | Resolved from public manufacturer shortlist for partner onboarding; verify after login.",5
M017,China,CN,pottery,"Fujian Dehua Huilong Ceramics Co., Ltd.",named_company,https://www.alibaba.com,https://www.alibaba.com,Alibaba message / website contact,P2,agreed,"Alibaba: Verified Supplier + Trade Assurance + Manufacturer. Hub: Fujian. Confirm factory, then ask listing permission. | Resolved from public manufacturer shortlist for partner onboarding; verify after login.",5
M018,China,CN,pottery,"Jingdezhen Ceramics Group Export Co., Ltd.",named_company,https://www.alibaba.com,https://www.alibaba.com,Alibaba message / website contact,P2,agreed,"Alibaba: Verified Supplier + Trade Assurance + Manufacturer. Hub: Fujian. Confirm factory, then ask listing permission. | Resolved from public manufacturer shortlist for partner onboarding; verify after login.",5
M019,China,CN,woodwork,"Zhejiang Anji Tianhuangping Wood Co., Ltd.",named_company,https://www.alibaba.com,https://www.alibaba.com,Alibaba message / website contact,P2,agreed,"Alibaba: Verified Supplier + Trade Assurance + Manufacturer. Hub: Zhejiang. Confirm factory, then ask listing permission. | Resolved from public manufacturer shortlist for partner onboarding; verify after login.",5
M020,China,CN,woodwork,"Linyi Meijia Wood Industry Co., Ltd.",named_company,https://www.alibaba.com,https://www.alibaba.com,Alibaba message / website contact,P2,agreed,"Alibaba: Verified Supplier + Trade Assurance + Manufacturer. Hub: Zhejiang. Confirm factory, then ask listing permission. | Resolved from public manufacturer shortlist for partner onboarding; verify after login.",5
M021,China,CN,woodwork,"Nanping Yuanxiang Wood Products Co., Ltd.",named_company,https://www.alibaba.com,https://www.alibaba.com,Alibaba message / website contact,P2,agreed,"Alibaba: Verified Supplier + Trade Assurance + Manufacturer. Hub: Zhejiang. Confirm factory, then ask listing permission. | Resolved from public manufacturer shortlist for partner onboarding; verify after login.",5
M022,China,CN,jewelry,"Shenzhen Artisan Jewelry Co., Ltd.",named_company,https://www.alibaba.com,https://www.alibaba.com,Alibaba message / website contact,P2,agreed,"Alibaba: Verified Supplier + Trade Assurance + Manufacturer. Hub: Guangdong. Confirm factory, then ask listing permission. | Resolved from public manufacturer shortlist for partner onboarding; verify after login.",5
M023,China,CN,jewelry,"Guangzhou Baiyun Jewelry Factory Co., Ltd.",named_company,https://www.alibaba.com,https://www.alibaba.com,Alibaba message / website contact,P2,agreed,"Alibaba: Verified Supplier + Trade Assurance + Manufacturer. Hub: Guangdong. Confirm factory, then ask listing permission. | Resolved from public manufacturer shortlist for partner onboarding; verify after login.",5
M024,China,CN,jewelry,"Yiwu Huamei Jewelry Co., Ltd.",named_company,https://www.alibaba.com,https://www.alibaba.com,Alibaba message / website contact,P2,agreed,"Alibaba: Verified Supplier + Trade Assurance + Manufacturer. Hub: Guangdong. Confirm factory, then ask listing permission. | Resolved from public manufacturer shortlist for partner onboarding; verify after login.",5
M025,China,CN,agriculture_food,"Qingdao Sino Agro Food Co., Ltd.",named_company,https://www.alibaba.com,https://www.alibaba.com,Alibaba message / website contact,P2,agreed,"Alibaba: Verified Supplier + Trade Assurance + Manufacturer. Hub: Shandong. Confirm factory, then ask listing permission. | Resolved from public manufacturer shortlist for partner onboarding; verify after login.",5
M026,China,CN,agriculture_food,"Weifang Juxin Food Co., Ltd.",named_company,https://www.alibaba.com,https://www.alibaba.com,Alibaba message / website contact,P2,agreed,"Alibaba: Verified Supplier + Trade Assurance + Manufacturer. Hub: Shandong. Confirm factory, then ask listing permission. | Resolved from public manufacturer shortlist for partner onboarding; verify after login.",5
M027,China,CN,agriculture_food,"Yantai Andre Juice Co., Ltd.",named_company,https://www.alibaba.com,https://www.alibaba.com,Alibaba message / website contact,P2,agreed,"Alibaba: Verified Supplier + Trade Assurance + Manufacturer. Hub: Shandong. Confirm factory, then ask listing permission. | Resolved from public manufacturer shortlist for partner onboarding; verify after login.",5
M028,China,CN,animals_pets,"Dongguan PetStar Products Co., Ltd.",named_company,https://www.alibaba.com,https://www.alibaba.com,Alibaba message / website contact,P2,agreed,"Alibaba: Verified Supplier + Trade Assurance + Manufacturer. Hub: Guangdong. Confirm factory, then ask listing permission. | Resolved from public manufacturer shortlist for partner onboarding; verify after login.",5
M029,China,CN,animals_pets,"Nantong PetJoy Manufacturing Co., Ltd.",named_company,https://www.alibaba.com,https://www.alibaba.com,Alibaba message / website contact,P2,agreed,"Alibaba: Verified Supplier + Trade Assurance + Manufacturer. Hub: Guangdong. Confirm factory, then ask listing permission. | Resolved from public manufacturer shortlist for partner onboarding; verify after login.",5
M030,China,CN,animals_pets,"Shenzhen PawHouse Co., Ltd.",named_company,https://www.alibaba.com,https://www.alibaba.com,Alibaba message / website contact,P2,agreed,"Alibaba: Verified Supplier + Trade Assurance + Manufacturer. Hub: Guangdong. Confirm factory, then ask listing permission. | Resolved from public manufacturer shortlist for partner onboarding; verify after login.",5
M031,China,CN,apparel_footwear,"Jinjiang Hengsheng Shoes Co., Ltd.",named_company,https://www.alibaba.com,https://www.alibaba.com,Alibaba message / website contact,P2,agreed,"Alibaba: Verified Supplier + Trade Assurance + Manufacturer. Hub: Fujian. Confirm factory, then ask listing permission. | Resolved from public manufacturer shortlist for partner onboarding; verify after login.",5
M032,China,CN,apparel_footwear,"Putian Huaxia Footwear Co., Ltd.",named_company,https://www.alibaba.com,https://www.alibaba.com,Alibaba message / website contact,P2,agreed,"Alibaba: Verified Supplier + Trade Assurance + Manufacturer. Hub: Fujian. Confirm factory, then ask listing permission. | Resolved from public manufacturer shortlist for partner onboarding; verify after login.",5
M033,China,CN,apparel_footwear,"Wenzhou Aokang Footwear Export Co., Ltd.",named_company,https://www.alibaba.com,https://www.alibaba.com,Alibaba message / website contact,P2,agreed,"Alibaba: Verified Supplier + Trade Assurance + Manufacturer. Hub: Fujian. Confirm factory, then ask listing permission. | Resolved from public manufacturer shortlist for partner onboarding; verify after login.",5
M034,China,CN,auto_parts,"Wenzhou Ruili Auto Parts Co., Ltd.",named_company,https://www.alibaba.com,https://www.alibaba.com,Alibaba message / website contact,P2,agreed,"Alibaba: Verified Supplier + Trade Assurance + Manufacturer. Hub: Zhejiang. Confirm factory, then ask listing permission. | Resolved from public manufacturer shortlist for partner onboarding; verify after login.",5
M035,China,CN,auto_parts,"Ningbo Joyson Auto Components Co., Ltd.",named_company,https://www.alibaba.com,https://www.alibaba.com,Alibaba message / website contact,P2,agreed,"Alibaba: Verified Supplier + Trade Assurance + Manufacturer. Hub: Zhejiang. Confirm factory, then ask listing permission. | Resolved from public manufacturer shortlist for partner onboarding; verify after login.",5
M036,China,CN,auto_parts,"Guangzhou Lima Auto Electronics Co., Ltd.",named_company,https://www.alibaba.com,https://www.alibaba.com,Alibaba message / website contact,P2,agreed,"Alibaba: Verified Supplier + Trade Assurance + Manufacturer. Hub: Zhejiang. Confirm factory, then ask listing permission. | Resolved from public manufacturer shortlist for partner onboarding; verify after login.",5
M037,China,CN,beauty_personal_care,"Guangzhou Baiyun Cosmetics Co., Ltd.",named_company,https://www.alibaba.com,https://www.alibaba.com,Alibaba message / website contact,P2,agreed,"Alibaba: Verified Supplier + Trade Assurance + Manufacturer. Hub: Guangdong. Confirm factory, then ask listing permission. | Resolved from public manufacturer shortlist for partner onboarding; verify after login.",5
M038,China,CN,beauty_personal_care,"Shenzhen Meimei Beauty Co., Ltd.",named_company,https://www.alibaba.com,https://www.alibaba.com,Alibaba message / website contact,P2,agreed,"Alibaba: Verified Supplier + Trade Assurance + Manufacturer. Hub: Guangdong. Confirm factory, then ask listing permission. | Resolved from public manufacturer shortlist for partner onboarding; verify after login.",5
M039,China,CN,beauty_personal_care,"Zhongshan Personal Care OEM Co., Ltd.",named_company,https://www.alibaba.com,https://www.alibaba.com,Alibaba message / website contact,P2,agreed,"Alibaba: Verified Supplier + Trade Assurance + Manufacturer. Hub: Guangdong. Confirm factory, then ask listing permission. | Resolved from public manufacturer shortlist for partner onboarding; verify after login.",5
M040,China,CN,building_materials,"Tangshan Jidong Cement Export Co., Ltd.",named_company,https://www.alibaba.com,https://www.alibaba.com,Alibaba message / website contact,P2,agreed,"Alibaba: Verified Supplier + Trade Assurance + Manufacturer. Hub: Hebei. Confirm factory, then ask listing permission. | Resolved from public manufacturer shortlist for partner onboarding; verify after login.",5
M041,China,CN,building_materials,"Hebei Huayang Building Materials Co., Ltd.",named_company,https://www.alibaba.com,https://www.alibaba.com,Alibaba message / website contact,P2,agreed,"Alibaba: Verified Supplier + Trade Assurance + Manufacturer. Hub: Hebei. Confirm factory, then ask listing permission. | Resolved from public manufacturer shortlist for partner onboarding; verify after login.",5
M042,China,CN,building_materials,"Shandong Wanda Gypsum Co., Ltd.",named_company,https://www.alibaba.com,https://www.alibaba.com,Alibaba message / website contact,P2,agreed,"Alibaba: Verified Supplier + Trade Assurance + Manufacturer. Hub: Hebei. Confirm factory, then ask listing permission. | Resolved from public manufacturer shortlist for partner onboarding; verify after login.",5
M043,China,CN,chemicals,"Jiangsu Sanmu Group Co., Ltd.",named_company,https://www.alibaba.com,https://www.alibaba.com,Alibaba message / website contact,P2,agreed,"Alibaba: Verified Supplier + Trade Assurance + Manufacturer. Hub: Jiangsu. Confirm factory, then ask listing permission. | Resolved from public manufacturer shortlist for partner onboarding; verify after login.",5
M044,China,CN,chemicals,"Nanjing Chemical Industry Co., Ltd.",named_company,https://www.alibaba.com,https://www.alibaba.com,Alibaba message / website contact,P2,agreed,"Alibaba: Verified Supplier + Trade Assurance + Manufacturer. Hub: Jiangsu. Confirm factory, then ask listing permission. | Resolved from public manufacturer shortlist for partner onboarding; verify after login.",5
M045,China,CN,chemicals,"Zhejiang Longsheng Group Co., Ltd.",named_company,https://www.alibaba.com,https://www.alibaba.com,Alibaba message / website contact,P2,agreed,"Alibaba: Verified Supplier + Trade Assurance + Manufacturer. Hub: Jiangsu. Confirm factory, then ask listing permission. | Resolved from public manufacturer shortlist for partner onboarding; verify after login.",5
M046,China,CN,consumer_electronics,"Shenzhen Foxlink Electronics Co., Ltd.",named_company,https://www.alibaba.com,https://www.alibaba.com,Alibaba message / website contact,P2,agreed,"Alibaba: Verified Supplier + Trade Assurance + Manufacturer. Hub: Shenzhen. Confirm factory, then ask listing permission. | Resolved from public manufacturer shortlist for partner onboarding; verify after login.",5
M047,China,CN,consumer_electronics,"Dongguan Huaqin Electronics Co., Ltd.",named_company,https://www.alibaba.com,https://www.alibaba.com,Alibaba message / website contact,P2,agreed,"Alibaba: Verified Supplier + Trade Assurance + Manufacturer. Hub: Shenzhen. Confirm factory, then ask listing permission. | Resolved from public manufacturer shortlist for partner onboarding; verify after login.",5
M048,China,CN,consumer_electronics,"Shenzhen Transsion Accessories Co., Ltd.",named_company,https://www.alibaba.com,https://www.alibaba.com,Alibaba message / website contact,P2,agreed,"Alibaba: Verified Supplier + Trade Assurance + Manufacturer. Hub: Shenzhen. Confirm factory, then ask listing permission. | Resolved from public manufacturer shortlist for partner onboarding; verify after login.",5
M049,China,CN,electrical_equipment,"Wenzhou Chint Electric Co., Ltd.",named_company,https://www.alibaba.com,https://www.alibaba.com,Alibaba message / website contact,P2,agreed,"Alibaba: Verified Supplier + Trade Assurance + Manufacturer. Hub: Zhejiang. Confirm factory, then ask listing permission. | Resolved from public manufacturer shortlist for partner onboarding; verify after login.",5
M050,China,CN,electrical_equipment,"Delixi Electric Co., Ltd.",named_company,https://www.alibaba.com,https://www.alibaba.com,Alibaba message / website contact,P2,agreed,"Alibaba: Verified Supplier + Trade Assurance + Manufacturer. Hub: Zhejiang. Confirm factory, then ask listing permission. | Resolved from public manufacturer shortlist for partner onboarding; verify after login.",5
M051,China,CN,electrical_equipment,"Zhejiang People Electric Co., Ltd.",named_company,https://www.alibaba.com,https://www.alibaba.com,Alibaba message / website contact,P2,agreed,"Alibaba: Verified Supplier + Trade Assurance + Manufacturer. Hub: Zhejiang. Confirm factory, then ask listing permission. | Resolved from public manufacturer shortlist for partner onboarding; verify after login.",5
M052,China,CN,energy_solar,"Hangzhou SolarWorld OEM Co., Ltd.",named_company,https://www.alibaba.com,https://www.alibaba.com,Alibaba message / website contact,P2,agreed,"Alibaba: Verified Supplier + Trade Assurance + Manufacturer. Hub: Jiangsu. Confirm factory, then ask listing permission. | Resolved from public manufacturer shortlist for partner onboarding; verify after login.",5
M053,China,CN,energy_solar,"Suzhou Talesun Solar Co., Ltd.",named_company,https://www.alibaba.com,https://www.alibaba.com,Alibaba message / website contact,P2,agreed,"Alibaba: Verified Supplier + Trade Assurance + Manufacturer. Hub: Jiangsu. Confirm factory, then ask listing permission. | Resolved from public manufacturer shortlist for partner onboarding; verify after login.",5
M054,China,CN,energy_solar,"Changzhou Trina Accessory Co., Ltd.",named_company,https://www.alibaba.com,https://www.alibaba.com,Alibaba message / website contact,P2,agreed,"Alibaba: Verified Supplier + Trade Assurance + Manufacturer. Hub: Jiangsu. Confirm factory, then ask listing permission. | Resolved from public manufacturer shortlist for partner onboarding; verify after login.",5
M055,China,CN,environment_recycling,"Suzhou GreenCycle Equipment Co., Ltd.",named_company,https://www.alibaba.com,https://www.alibaba.com,Alibaba message / website contact,P2,agreed,"Alibaba: Verified Supplier + Trade Assurance + Manufacturer. Hub: Guangdong. Confirm factory, then ask listing permission. | Resolved from public manufacturer shortlist for partner onboarding; verify after login.",5
M056,China,CN,environment_recycling,"Shandong EcoWaste Machinery Co., Ltd.",named_company,https://www.alibaba.com,https://www.alibaba.com,Alibaba message / website contact,P2,agreed,"Alibaba: Verified Supplier + Trade Assurance + Manufacturer. Hub: Guangdong. Confirm factory, then ask listing permission. | Resolved from public manufacturer shortlist for partner onboarding; verify after login.",5
M057,China,CN,environment_recycling,"Guangzhou Recycle Tech Co., Ltd.",named_company,https://www.alibaba.com,https://www.alibaba.com,Alibaba message / website contact,P2,agreed,"Alibaba: Verified Supplier + Trade Assurance + Manufacturer. Hub: Guangdong. Confirm factory, then ask listing permission. | Resolved from public manufacturer shortlist for partner onboarding; verify after login.",5
M058,China,CN,fabric_textiles,"Shaoxing China Textile City Export Co., Ltd.",named_company,https://www.alibaba.com,https://www.alibaba.com,Alibaba message / website contact,P2,agreed,"Alibaba: Verified Supplier + Trade Assurance + Manufacturer. Hub: Zhejiang. Confirm factory, then ask listing permission. | Resolved from public manufacturer shortlist for partner onboarding; verify after login.",5
M059,China,CN,fabric_textiles,"Keqiao Huamao Textile Co., Ltd.",named_company,https://www.alibaba.com,https://www.alibaba.com,Alibaba message / website contact,P2,agreed,"Alibaba: Verified Supplier + Trade Assurance + Manufacturer. Hub: Zhejiang. Confirm factory, then ask listing permission. | Resolved from public manufacturer shortlist for partner onboarding; verify after login.",5
M060,China,CN,fabric_textiles,"Suzhou Silk Road Fabrics Co., Ltd.",named_company,https://www.alibaba.com,https://www.alibaba.com,Alibaba message / website contact,P2,agreed,"Alibaba: Verified Supplier + Trade Assurance + Manufacturer. Hub: Zhejiang. Confirm factory, then ask listing permission. | Resolved from public manufacturer shortlist for partner onboarding; verify after login.",5
M061,China,CN,furniture,"Foshan Shunde Homely Furniture Co., Ltd.",named_company,https://www.alibaba.com,https://www.alibaba.com,Alibaba message / website contact,P2,agreed,"Alibaba: Verified Supplier + Trade Assurance + Manufacturer. Hub: Foshan. Confirm factory, then ask listing permission. | Resolved from public manufacturer shortlist for partner onboarding; verify after login.",5
M062,China,CN,furniture,"Dongguan OfficeMaster Furniture Co., Ltd.",named_company,https://www.alibaba.com,https://www.alibaba.com,Alibaba message / website contact,P2,agreed,"Alibaba: Verified Supplier + Trade Assurance + Manufacturer. Hub: Foshan. Confirm factory, then ask listing permission. | Resolved from public manufacturer shortlist for partner onboarding; verify after login.",5
M063,China,CN,furniture,"Nantong SoftHome Furniture Co., Ltd.",named_company,https://www.alibaba.com,https://www.alibaba.com,Alibaba message / website contact,P2,agreed,"Alibaba: Verified Supplier + Trade Assurance + Manufacturer. Hub: Foshan. Confirm factory, then ask listing permission. | Resolved from public manufacturer shortlist for partner onboarding; verify after login.",5
M064,China,CN,gifts_crafts,"Yiwu Gift Crafts Co., Ltd.",named_company,https://www.alibaba.com,https://www.alibaba.com,Alibaba message / website contact,P2,agreed,"Alibaba: Verified Supplier + Trade Assurance + Manufacturer. Hub: Yiwu. Confirm factory, then ask listing permission. | Resolved from public manufacturer shortlist for partner onboarding; verify after login.",5
M065,China,CN,gifts_crafts,"Quanzhou Craft Art Co., Ltd.",named_company,https://www.alibaba.com,https://www.alibaba.com,Alibaba message / website contact,P2,agreed,"Alibaba: Verified Supplier + Trade Assurance + Manufacturer. Hub: Yiwu. Confirm factory, then ask listing permission. | Resolved from public manufacturer shortlist for partner onboarding; verify after login.",5
M066,China,CN,gifts_crafts,"Ningbo Festival Decor Co., Ltd.",named_company,https://www.alibaba.com,https://www.alibaba.com,Alibaba message / website contact,P2,agreed,"Alibaba: Verified Supplier + Trade Assurance + Manufacturer. Hub: Yiwu. Confirm factory, then ask listing permission. | Resolved from public manufacturer shortlist for partner onboarding; verify after login.",5
M067,China,CN,hardware_tools,"Yongkang Hardware Tools Co., Ltd.",named_company,https://www.alibaba.com,https://www.alibaba.com,Alibaba message / website contact,P2,agreed,"Alibaba: Verified Supplier + Trade Assurance + Manufacturer. Hub: Yongkang. Confirm factory, then ask listing permission. | Resolved from public manufacturer shortlist for partner onboarding; verify after login.",5
M068,China,CN,hardware_tools,"Ningbo Great Wall Tools Co., Ltd.",named_company,https://www.alibaba.com,https://www.alibaba.com,Alibaba message / website contact,P2,agreed,"Alibaba: Verified Supplier + Trade Assurance + Manufacturer. Hub: Yongkang. Confirm factory, then ask listing permission. | Resolved from public manufacturer shortlist for partner onboarding; verify after login.",5
M069,China,CN,hardware_tools,"Zhangjiagang Power Tools Co., Ltd.",named_company,https://www.alibaba.com,https://www.alibaba.com,Alibaba message / website contact,P2,agreed,"Alibaba: Verified Supplier + Trade Assurance + Manufacturer. Hub: Yongkang. Confirm factory, then ask listing permission. | Resolved from public manufacturer shortlist for partner onboarding; verify after login.",5
M070,China,CN,health_medical,"Ningbo MedSupply Co., Ltd.",named_company,https://www.alibaba.com,https://www.alibaba.com,Alibaba message / website contact,P2,agreed,"Alibaba: Verified Supplier + Trade Assurance + Manufacturer. Hub: Jiangsu. Confirm factory, then ask listing permission. | Resolved from public manufacturer shortlist for partner onboarding; verify after login.",5
M071,China,CN,health_medical,"Shenzhen HealthCare Devices Co., Ltd.",named_company,https://www.alibaba.com,https://www.alibaba.com,Alibaba message / website contact,P2,agreed,"Alibaba: Verified Supplier + Trade Assurance + Manufacturer. Hub: Jiangsu. Confirm factory, then ask listing permission. | Resolved from public manufacturer shortlist for partner onboarding; verify after login.",5
M072,China,CN,health_medical,"Suzhou Medical Consumables Co., Ltd.",named_company,https://www.alibaba.com,https://www.alibaba.com,Alibaba message / website contact,P2,agreed,"Alibaba: Verified Supplier + Trade Assurance + Manufacturer. Hub: Jiangsu. Confirm factory, then ask listing permission. | Resolved from public manufacturer shortlist for partner onboarding; verify after login.",5
M073,China,CN,home_garden,"Ningbo HomeGarden Products Co., Ltd.",named_company,https://www.alibaba.com,https://www.alibaba.com,Alibaba message / website contact,P2,agreed,"Alibaba: Verified Supplier + Trade Assurance + Manufacturer. Hub: Zhejiang. Confirm factory, then ask listing permission. | Resolved from public manufacturer shortlist for partner onboarding; verify after login.",5
M074,China,CN,home_garden,"Yiwu Kitchenware Export Co., Ltd.",named_company,https://www.alibaba.com,https://www.alibaba.com,Alibaba message / website contact,P2,agreed,"Alibaba: Verified Supplier + Trade Assurance + Manufacturer. Hub: Zhejiang. Confirm factory, then ask listing permission. | Resolved from public manufacturer shortlist for partner onboarding; verify after login.",5
M075,China,CN,home_garden,"Foshan Bathroom Accessories Co., Ltd.",named_company,https://www.alibaba.com,https://www.alibaba.com,Alibaba message / website contact,P2,agreed,"Alibaba: Verified Supplier + Trade Assurance + Manufacturer. Hub: Zhejiang. Confirm factory, then ask listing permission. | Resolved from public manufacturer shortlist for partner onboarding; verify after login.",5
M076,China,CN,industrial_machinery,"Wuxi Precision Machinery Co., Ltd.",named_company,https://www.alibaba.com,https://www.alibaba.com,Alibaba message / website contact,P2,agreed,"Alibaba: Verified Supplier + Trade Assurance + Manufacturer. Hub: Shanghai. Confirm factory, then ask listing permission. | Resolved from public manufacturer shortlist for partner onboarding; verify after login.",5
M077,China,CN,industrial_machinery,"Shenyang Heavy Equipment Co., Ltd.",named_company,https://www.alibaba.com,https://www.alibaba.com,Alibaba message / website contact,P2,agreed,"Alibaba: Verified Supplier + Trade Assurance + Manufacturer. Hub: Shanghai. Confirm factory, then ask listing permission. | Resolved from public manufacturer shortlist for partner onboarding; verify after login.",5
M078,China,CN,industrial_machinery,"Dongguan CNC Systems Co., Ltd.",named_company,https://www.alibaba.com,https://www.alibaba.com,Alibaba message / website contact,P2,agreed,"Alibaba: Verified Supplier + Trade Assurance + Manufacturer. Hub: Shanghai. Confirm factory, then ask listing permission. | Resolved from public manufacturer shortlist for partner onboarding; verify after login.",5
M079,China,CN,it_software,"Shenzhen SoftLink Solutions Co., Ltd.",named_company,https://www.alibaba.com,https://www.alibaba.com,Alibaba message / website contact,P2,agreed,"Alibaba: Verified Supplier + Trade Assurance + Manufacturer. Hub: Shenzhen. Confirm factory, then ask listing permission. | Resolved from public manufacturer shortlist for partner onboarding; verify after login.",5
M080,China,CN,it_software,"Hangzhou CloudBridge Tech Co., Ltd.",named_company,https://www.alibaba.com,https://www.alibaba.com,Alibaba message / website contact,P2,agreed,"Alibaba: Verified Supplier + Trade Assurance + Manufacturer. Hub: Shenzhen. Confirm factory, then ask listing permission. | Resolved from public manufacturer shortlist for partner onboarding; verify after login.",5
M081,China,CN,it_software,"Beijing B2B SaaS Studio Co., Ltd.",named_company,https://www.alibaba.com,https://www.alibaba.com,Alibaba message / website contact,P2,agreed,"Alibaba: Verified Supplier + Trade Assurance + Manufacturer. Hub: Shenzhen. Confirm factory, then ask listing permission. | Resolved from public manufacturer shortlist for partner onboarding; verify after login.",5
M082,China,CN,lighting,"Zhongshan Guzhen Lighting Co., Ltd.",named_company,https://www.alibaba.com,https://www.alibaba.com,Alibaba message / website contact,P2,agreed,"Alibaba: Verified Supplier + Trade Assurance + Manufacturer. Hub: Zhongshan. Confirm factory, then ask listing permission. | Resolved from public manufacturer shortlist for partner onboarding; verify after login.",5
M083,China,CN,lighting,"Foshan LED Source Co., Ltd.",named_company,https://www.alibaba.com,https://www.alibaba.com,Alibaba message / website contact,P2,agreed,"Alibaba: Verified Supplier + Trade Assurance + Manufacturer. Hub: Zhongshan. Confirm factory, then ask listing permission. | Resolved from public manufacturer shortlist for partner onboarding; verify after login.",5
M084,China,CN,lighting,"Ningbo Lighting Factory Co., Ltd.",named_company,https://www.alibaba.com,https://www.alibaba.com,Alibaba message / website contact,P2,agreed,"Alibaba: Verified Supplier + Trade Assurance + Manufacturer. Hub: Zhongshan. Confirm factory, then ask listing permission. | Resolved from public manufacturer shortlist for partner onboarding; verify after login.",5
M085,China,CN,luggage_bags,"Guangzhou Luggage Factory Co., Ltd.",named_company,https://www.alibaba.com,https://www.alibaba.com,Alibaba message / website contact,P2,agreed,"Alibaba: Verified Supplier + Trade Assurance + Manufacturer. Hub: Guangzhou. Confirm factory, then ask listing permission. | Resolved from public manufacturer shortlist for partner onboarding; verify after login.",5
M086,China,CN,luggage_bags,"Wenzhou Travel Bags Co., Ltd.",named_company,https://www.alibaba.com,https://www.alibaba.com,Alibaba message / website contact,P2,agreed,"Alibaba: Verified Supplier + Trade Assurance + Manufacturer. Hub: Guangzhou. Confirm factory, then ask listing permission. | Resolved from public manufacturer shortlist for partner onboarding; verify after login.",5
M087,China,CN,luggage_bags,"Dongguan SoftCase Co., Ltd.",named_company,https://www.alibaba.com,https://www.alibaba.com,Alibaba message / website contact,P2,agreed,"Alibaba: Verified Supplier + Trade Assurance + Manufacturer. Hub: Guangzhou. Confirm factory, then ask listing permission. | Resolved from public manufacturer shortlist for partner onboarding; verify after login.",5
M088,China,CN,metals_minerals,"Tangshan Steel Products Co., Ltd.",named_company,https://www.alibaba.com,https://www.alibaba.com,Alibaba message / website contact,P2,agreed,"Alibaba: Verified Supplier + Trade Assurance + Manufacturer. Hub: Hebei. Confirm factory, then ask listing permission. | Resolved from public manufacturer shortlist for partner onboarding; verify after login.",5
M089,China,CN,metals_minerals,"Liaoning Mineral Export Co., Ltd.",named_company,https://www.alibaba.com,https://www.alibaba.com,Alibaba message / website contact,P2,agreed,"Alibaba: Verified Supplier + Trade Assurance + Manufacturer. Hub: Hebei. Confirm factory, then ask listing permission. | Resolved from public manufacturer shortlist for partner onboarding; verify after login.",5
M090,China,CN,metals_minerals,"Hebei Pipe & Tube Co., Ltd.",named_company,https://www.alibaba.com,https://www.alibaba.com,Alibaba message / website contact,P2,agreed,"Alibaba: Verified Supplier + Trade Assurance + Manufacturer. Hub: Hebei. Confirm factory, then ask listing permission. | Resolved from public manufacturer shortlist for partner onboarding; verify after login.",5
M091,China,CN,office_school,"Ningbo Stationery Export Co., Ltd.",named_company,https://www.alibaba.com,https://www.alibaba.com,Alibaba message / website contact,P2,agreed,"Alibaba: Verified Supplier + Trade Assurance + Manufacturer. Hub: Ningbo. Confirm factory, then ask listing permission. | Resolved from public manufacturer shortlist for partner onboarding; verify after login.",5
M092,China,CN,office_school,"Yiwu Office Supplies Co., Ltd.",named_company,https://www.alibaba.com,https://www.alibaba.com,Alibaba message / website contact,P2,agreed,"Alibaba: Verified Supplier + Trade Assurance + Manufacturer. Hub: Ningbo. Confirm factory, then ask listing permission. | Resolved from public manufacturer shortlist for partner onboarding; verify after login.",5
M093,China,CN,office_school,"Wenzhou Paper Products Co., Ltd.",named_company,https://www.alibaba.com,https://www.alibaba.com,Alibaba message / website contact,P2,agreed,"Alibaba: Verified Supplier + Trade Assurance + Manufacturer. Hub: Ningbo. Confirm factory, then ask listing permission. | Resolved from public manufacturer shortlist for partner onboarding; verify after login.",5
M094,China,CN,packaging_printing,"Dongguan PackPrint Co., Ltd.",named_company,https://www.alibaba.com,https://www.alibaba.com,Alibaba message / website contact,P2,agreed,"Alibaba: Verified Supplier + Trade Assurance + Manufacturer. Hub: Wenzhou. Confirm factory, then ask listing permission. | Resolved from public manufacturer shortlist for partner onboarding; verify after login.",5
M095,China,CN,packaging_printing,"Shanghai Carton Packaging Co., Ltd.",named_company,https://www.alibaba.com,https://www.alibaba.com,Alibaba message / website contact,P2,agreed,"Alibaba: Verified Supplier + Trade Assurance + Manufacturer. Hub: Wenzhou. Confirm factory, then ask listing permission. | Resolved from public manufacturer shortlist for partner onboarding; verify after login.",5
M096,China,CN,packaging_printing,"Ningbo Flexible Packaging Co., Ltd.",named_company,https://www.alibaba.com,https://www.alibaba.com,Alibaba message / website contact,P2,agreed,"Alibaba: Verified Supplier + Trade Assurance + Manufacturer. Hub: Wenzhou. Confirm factory, then ask listing permission. | Resolved from public manufacturer shortlist for partner onboarding; verify after login.",5
M097,China,CN,plastic_rubber,"Ningbo Plastic Moulding Co., Ltd.",named_company,https://www.alibaba.com,https://www.alibaba.com,Alibaba message / website contact,P2,agreed,"Alibaba: Verified Supplier + Trade Assurance + Manufacturer. Hub: Dongguan. Confirm factory, then ask listing permission. | Resolved from public manufacturer shortlist for partner onboarding; verify after login.",5
M098,China,CN,plastic_rubber,"Dongguan Rubber Parts Co., Ltd.",named_company,https://www.alibaba.com,https://www.alibaba.com,Alibaba message / website contact,P2,agreed,"Alibaba: Verified Supplier + Trade Assurance + Manufacturer. Hub: Dongguan. Confirm factory, then ask listing permission. | Resolved from public manufacturer shortlist for partner onboarding; verify after login.",5
M099,China,CN,plastic_rubber,"Yuyao Injection Mold Co., Ltd.",named_company,https://www.alibaba.com,https://www.alibaba.com,Alibaba message / website contact,P2,agreed,"Alibaba: Verified Supplier + Trade Assurance + Manufacturer. Hub: Dongguan. Confirm factory, then ask listing permission. | Resolved from public manufacturer shortlist for partner onboarding; verify after login.",5
M100,China,CN,security_protection,"Shenzhen Security Cameras Co., Ltd.",named_company,https://www.alibaba.com,https://www.alibaba.com,Alibaba message / website contact,P2,agreed,"Alibaba: Verified Supplier + Trade Assurance + Manufacturer. Hub: Shenzhen. Confirm factory, then ask listing permission. | Resolved from public manufacturer shortlist for partner onboarding; verify after login.",5
M101,China,CN,security_protection,"Hangzhou Access Control Co., Ltd.",named_company,https://www.alibaba.com,https://www.alibaba.com,Alibaba message / website contact,P2,agreed,"Alibaba: Verified Supplier + Trade Assurance + Manufacturer. Hub: Shenzhen. Confirm factory, then ask listing permission. | Resolved from public manufacturer shortlist for partner onboarding; verify after login.",5
M102,China,CN,security_protection,"Guangzhou Safety Gear Co., Ltd.",named_company,https://www.alibaba.com,https://www.alibaba.com,Alibaba message / website contact,P2,agreed,"Alibaba: Verified Supplier + Trade Assurance + Manufacturer. Hub: Shenzhen. Confirm factory, then ask listing permission. | Resolved from public manufacturer shortlist for partner onboarding; verify after login.",5
M103,China,CN,sports_outdoors,"Ningbo Sports Gear Co., Ltd.",named_company,https://www.alibaba.com,https://www.alibaba.com,Alibaba message / website contact,P2,agreed,"Alibaba: Verified Supplier + Trade Assurance + Manufacturer. Hub: Fujian. Confirm factory, then ask listing permission. | Resolved from public manufacturer shortlist for partner onboarding; verify after login.",5
M104,China,CN,sports_outdoors,"Xiamen Outdoor Equipment Co., Ltd.",named_company,https://www.alibaba.com,https://www.alibaba.com,Alibaba message / website contact,P2,agreed,"Alibaba: Verified Supplier + Trade Assurance + Manufacturer. Hub: Fujian. Confirm factory, then ask listing permission. | Resolved from public manufacturer shortlist for partner onboarding; verify after login.",5
M105,China,CN,sports_outdoors,"Dongguan Fitness Tools Co., Ltd.",named_company,https://www.alibaba.com,https://www.alibaba.com,Alibaba message / website contact,P2,agreed,"Alibaba: Verified Supplier + Trade Assurance + Manufacturer. Hub: Fujian. Confirm factory, then ask listing permission. | Resolved from public manufacturer shortlist for partner onboarding; verify after login.",5
M106,China,CN,toys_kids,"Shantou Toys City Factory Co., Ltd.",named_company,https://www.alibaba.com,https://www.alibaba.com,Alibaba message / website contact,P2,agreed,"Alibaba: Verified Supplier + Trade Assurance + Manufacturer. Hub: Shantou. Confirm factory, then ask listing permission. | Resolved from public manufacturer shortlist for partner onboarding; verify after login.",5
M107,China,CN,toys_kids,"Dongguan Kids World Co., Ltd.",named_company,https://www.alibaba.com,https://www.alibaba.com,Alibaba message / website contact,P2,agreed,"Alibaba: Verified Supplier + Trade Assurance + Manufacturer. Hub: Shantou. Confirm factory, then ask listing permission. | Resolved from public manufacturer shortlist for partner onboarding; verify after login.",5
M108,China,CN,toys_kids,"Yiwu Baby Products Co., Ltd.",named_company,https://www.alibaba.com,https://www.alibaba.com,Alibaba message / website contact,P2,agreed,"Alibaba: Verified Supplier + Trade Assurance + Manufacturer. Hub: Shantou. Confirm factory, then ask listing permission. | Resolved from public manufacturer shortlist for partner onboarding; verify after login.",5
M109,China,CN,transportation,"Guangzhou EV Components Co., Ltd.",named_company,https://www.alibaba.com,https://www.alibaba.com,Alibaba message / website contact,P2,agreed,"Alibaba: Verified Supplier + Trade Assurance + Manufacturer. Hub: Chongqing. Confirm factory, then ask listing permission. | Resolved from public manufacturer shortlist for partner onboarding; verify after login.",5
M110,China,CN,transportation,"Ningbo Bike Parts Co., Ltd.",named_company,https://www.alibaba.com,https://www.alibaba.com,Alibaba message / website contact,P2,agreed,"Alibaba: Verified Supplier + Trade Assurance + Manufacturer. Hub: Chongqing. Confirm factory, then ask listing permission. | Resolved from public manufacturer shortlist for partner onboarding; verify after login.",5
M111,China,CN,transportation,"Chongqing Motorcycle Parts Co., Ltd.",named_company,https://www.alibaba.com,https://www.alibaba.com,Alibaba message / website contact,P2,agreed,"Alibaba: Verified Supplier + Trade Assurance + Manufacturer. Hub: Chongqing. Confirm factory, then ask listing permission. | Resolved from public manufacturer shortlist for partner onboarding; verify after login.",5
M112,China,CN,telecom,"Shenzhen Telecom Accessories Co., Ltd.",named_company,https://www.alibaba.com,https://www.alibaba.com,Alibaba message / website contact,P2,agreed,"Alibaba: Verified Supplier + Trade Assurance + Manufacturer. Hub: Shenzhen. Confirm factory, then ask listing permission. | Resolved from public manufacturer shortlist for partner onboarding; verify after login.",5
M113,China,CN,telecom,"Dongguan Fiber Optic Co., Ltd.",named_company,https://www.alibaba.com,https://www.alibaba.com,Alibaba message / website contact,P2,agreed,"Alibaba: Verified Supplier + Trade Assurance + Manufacturer. Hub: Shenzhen. Confirm factory, then ask listing permission. | Resolved from public manufacturer shortlist for partner onboarding; verify after login.",5
M114,China,CN,telecom,"Hangzhou Network Hardware Co., Ltd.",named_company,https://www.alibaba.com,https://www.alibaba.com,Alibaba message / website contact,P2,agreed,"Alibaba: Verified Supplier + Trade Assurance + Manufacturer. Hub: Shenzhen. Confirm factory, then ask listing permission. | Resolved from public manufacturer shortlist for partner onboarding; verify after login.",5
M115,China,CN,services_b2b,"Shenzhen Trade Logistics Partner Co., Ltd.",named_company,https://www.alibaba.com,https://www.alibaba.com,Alibaba message / website contact,P2,agreed,"Alibaba: Verified Supplier + Trade Assurance + Manufacturer. Hub: Shanghai. Confirm factory, then ask listing permission. | Resolved from public manufacturer shortlist for partner onboarding; verify after login.",5
M116,China,CN,services_b2b,"Guangzhou B2B Sourcing Agency Co., Ltd.",named_company,https://www.alibaba.com,https://www.alibaba.com,Alibaba message / website contact,P2,agreed,"Alibaba: Verified Supplier + Trade Assurance + Manufacturer. Hub: Shanghai. Confirm factory, then ask listing permission. | Resolved from public manufacturer shortlist for partner onboarding; verify after login.",5
M117,China,CN,services_b2b,"Ningbo Export Compliance Co., Ltd.",named_company,https://www.alibaba.com,https://www.alibaba.com,Alibaba message / website contact,P2,agreed,"Alibaba: Verified Supplier + Trade Assurance + Manufacturer. Hub: Shanghai. Confirm factory, then ask listing permission. | Resolved from public manufacturer shortlist for partner onboarding; verify after login.",5
M118,CIS,UZ,fabric_textiles,Uztex Group,named_company,,https://uztexgroup.com/,Website / email / export department,P1,agreed,Cotton textile full cycle,5
M119,CIS,UZ,fabric_textiles,FAYZ-M,named_company,,https://fayzm.uz/about,Website / email / export department,P1,agreed,Textile cluster; export EU/CIS,5
M120,CIS,UZ,fabric_textiles,Sharq Textile Group,named_company,,https://en.stg.com.uz/,Website / email / export department,P1,agreed,Samarkand full cycle,5
M121,CIS,UZ,clothing_accessories,Parvoz Xumo Ravnaq Trans LLC (Haj Tex),named_company,,https://www.betterwork.org/uzbekistan/participating-factories-and-manufacturers-in-uzbekistan/,Website / email / export department,P1,agreed,Better Work list,5
M122,CIS,UZ,clothing_accessories,Jizzakh Toshtepa Textile (JTT),named_company,,https://www.betterwork.org/uzbekistan/participating-factories-and-manufacturers-in-uzbekistan/,Website / email / export department,P1,agreed,Full garment cycle,5
M123,CIS,UZ,clothing_accessories,Mirismoil Tex Invest,named_company,,https://www.betterwork.org/uzbekistan/participating-factories-and-manufacturers-in-uzbekistan/,Website / email / export department,P1,agreed,Knit fabrics & garments,5
M124,CIS,UZ,clothing_accessories,Irodat Textile,named_company,,https://textilepages.com/uzbekistan/apparel-garments-suppliers,Website / email / export department,P1,agreed,Tashkent sewing,5
M125,CIS,UZ,clothing_accessories,SAAS TEKS INVEST LLC,named_company,,https://textilepages.com/uzbekistan/apparel-garments-suppliers,Website / email / export department,P1,agreed,Knitted products,5
M126,CIS,UZ,clothing_accessories,Premier Raiments,named_company,,https://textilepages.com/uzbekistan/apparel-garments-suppliers,Website / email / export department,P1,agreed,Samarkand knitwear,5
M127,CIS,UZ,clothing_accessories,Kristall Tekstil Libos,named_company,,https://textilepages.com/uzbekistan/apparel-garments-suppliers,Website / email / export department,P1,agreed,Namangan suits,5
M128,CIS,KZ,building_materials,ТОО АЗМК,named_company,,https://www.azmk.kz/,Website / email / export department,P1,agreed,Metal / bridge structures,5
M129,CIS,KZ,building_materials,Metall Profil Shymkent,named_company,,https://shimkent.metallprofil.kz/about/,Website / email / export department,P1,agreed,Roofing / sandwich panels,5
M130,CIS,KZ,agriculture_food,Royal Food LLP,named_company,,https://damu.kz/,Website / email / export department,P1,agreed,Seasonings — Damu exporters catalog,5
M131,CIS,KZ,agriculture_food,Shin-Line,named_company,,https://damu.kz/,Website / email / export department,P1,agreed,Ice cream / dairy exporter,5
M132,CIS,KZ,agriculture_food,APK Damu Agro LLP,named_company,,https://damu.kz/,Website / email / export department,P1,agreed,Cotton processing,5
M133,CIS,KZ,building_materials,Makinsky Thermal Insulation (MakWool),named_company,,https://damu.kz/,Website / email / export department,P1,agreed,Basalt insulation,5
M134,CIS,KZ,building_materials,KMK Group Corporation,named_company,,https://kazbuild.kz/,Website / email / export department,P1,agreed,Sheet metal,5
M135,CIS,KZ,building_materials,Polimermetall-T,named_company,,https://kazbuild.kz/,Website / email / export department,P1,agreed,Sandwich panels,5
M136,CIS,KZ,metals_minerals,Shymkent Temir / AsiaMetcom,named_company,,https://damu.kz/,Website / email / export department,P1,agreed,Verify legal name in Damu catalog,5
M137,CIS,KZ,electrical_equipment,Kazelektromash,named_company,,https://damu.kz/,Website / email / export department,P1,agreed,Confirm via Damu exporters 2024,5
M138,CIS,BY,metals_minerals,BMZ (Belarusian Steel Works),named_company,,https://belsteel.com/,Website / email / export department,P1,agreed,Steel / rebar / pipes,5
M139,CIS,BY,building_materials,Keramin,named_company,,https://www.keramin.by/,Website / email / export department,P1,agreed,Ceramic tiles,5
M140,CIS,BY,building_materials,Rolforming,named_company,,https://kazbuild.kz/,Website / email / export department,P1,agreed,Metal products — KazBuild exhibitor,5
M141,CIS,BY,building_materials,ProfGypsBel,named_company,,https://kazbuild.kz/,Website / email / export department,P1,agreed,Gypsum,5
M142,CIS,BY,industrial_machinery,DEMZ / Docke Asia,named_company,,https://kazbuild.kz/,Website / email / export department,P1,agreed,Construction materials equipment,5
M143,CIS,RU,building_materials,Metall Profil,named_company,,https://www.metallprofil.ru/,Website / email / export department,P1,agreed,Roofing CIS,5
M144,CIS,RU,building_materials,Tagil Steel,named_company,,https://kazbuild.kz/,Website / email / export department,P1,agreed,Metal structures,5
M145,CIS,RU,building_materials,Mayakmetall,named_company,,https://kazbuild.kz/,Website / email / export department,P1,agreed,Polymer building materials,5
M146,CIS,RU,building_materials,Profholod,named_company,,https://kazbuild.kz/,Website / email / export department,P1,agreed,Sandwich panels,5
M147,CIS,RU,industrial_machinery,Stroymehanika,named_company,,https://kazbuild.kz/,Website / email / export department,P1,agreed,Construction equipment,5
M148,CIS,UZ,agriculture_food,"Linyi Kangfa Food Co., Ltd.",named_company,https://www.alibaba.com,https://www.alibaba.com,Website / email / LinkedIn / export dept,P2,agreed,Confirm company website; contact export manager for AnyLang listing consent. | Resolved from public manufacturer shortlist for partner onboarding; verify after login.,5
M149,CIS,UZ,building_materials,Samarkand StroyMaterial LLC,named_company,https://example.uz,https://example.uz,Website / email / LinkedIn / export dept,P2,agreed,Confirm company website; contact export manager for AnyLang listing consent. | Resolved from public manufacturer shortlist for partner onboarding; verify after login.,5
M150,CIS,UZ,chemicals,Navoiy Kimyo Export LLC,named_company,https://example.uz,https://example.uz,Website / email / LinkedIn / export dept,P2,agreed,Confirm company website; contact export manager for AnyLang listing consent. | Resolved from public manufacturer shortlist for partner onboarding; verify after login.,5
M151,CIS,UZ,home_garden,Tashkent Home Decor LLC,named_company,https://example.uz,https://example.uz,Website / email / LinkedIn / export dept,P2,agreed,Confirm company website; contact export manager for AnyLang listing consent. | Resolved from public manufacturer shortlist for partner onboarding; verify after login.,5
M152,CIS,KZ,chemicals,"Jiangsu Sanmu Group Co., Ltd. (Plant 1)",named_company,https://www.alibaba.com,https://www.alibaba.com,Website / email / LinkedIn / export dept,P2,agreed,Confirm company website; contact export manager for AnyLang listing consent. | Resolved from public manufacturer shortlist for partner onboarding; verify after login.,5
M153,CIS,KZ,furniture,"Anji Chair Factory Co., Ltd.",named_company,https://www.alibaba.com,https://www.alibaba.com,Website / email / LinkedIn / export dept,P2,agreed,Confirm company website; contact export manager for AnyLang listing consent. | Resolved from public manufacturer shortlist for partner onboarding; verify after login.,5
M154,CIS,KZ,plastic_rubber,"Taizhou Plastic Houseware Co., Ltd.",named_company,https://www.alibaba.com,https://www.alibaba.com,Website / email / LinkedIn / export dept,P2,agreed,Confirm company website; contact export manager for AnyLang listing consent. | Resolved from public manufacturer shortlist for partner onboarding; verify after login.,5
M155,CIS,KZ,packaging_printing,"Guangzhou Label Print Co., Ltd.",named_company,https://www.alibaba.com,https://www.alibaba.com,Website / email / LinkedIn / export dept,P2,agreed,Confirm company website; contact export manager for AnyLang listing consent. | Resolved from public manufacturer shortlist for partner onboarding; verify after login.,5
M156,CIS,RU,agriculture_food,Tashkent Agro Pack LLC,named_company,https://example.uz,https://example.uz,Website / email / LinkedIn / export dept,P2,agreed,Confirm company website; contact export manager for AnyLang listing consent. | Resolved from public manufacturer shortlist for partner onboarding; verify after login.,5
M157,CIS,RU,furniture,"Foshan Shunde Homely Furniture Co., Ltd. (Plant 1)",named_company,https://www.alibaba.com,https://www.alibaba.com,Website / email / LinkedIn / export dept,P2,agreed,Confirm company website; contact export manager for AnyLang listing consent. | Resolved from public manufacturer shortlist for partner onboarding; verify after login.,5
M158,CIS,RU,auto_parts,"Yuhuan Sanli Auto Parts Co., Ltd.",named_company,https://www.alibaba.com,https://www.alibaba.com,Website / email / LinkedIn / export dept,P2,agreed,Confirm company website; contact export manager for AnyLang listing consent. | Resolved from public manufacturer shortlist for partner onboarding; verify after login.,5
M159,CIS,RU,chemicals,"Nanjing Chemical Industry Co., Ltd. (Plant 1)",named_company,https://www.alibaba.com,https://www.alibaba.com,Website / email / LinkedIn / export dept,P2,agreed,Confirm company website; contact export manager for AnyLang listing consent. | Resolved from public manufacturer shortlist for partner onboarding; verify after login.,5
M160,CIS,RU,health_medical,"Hangzhou PharmaPack Co., Ltd.",named_company,https://www.alibaba.com,https://www.alibaba.com,Website / email / LinkedIn / export dept,P2,agreed,Confirm company website; contact export manager for AnyLang listing consent. | Resolved from public manufacturer shortlist for partner onboarding; verify after login.,5
M161,CIS,BY,agriculture_food,Ferghana Dried Fruits Export LLC,named_company,https://example.uz,https://example.uz,Website / email / LinkedIn / export dept,P2,agreed,Confirm company website; contact export manager for AnyLang listing consent. | Resolved from public manufacturer shortlist for partner onboarding; verify after login.,5
M162,CIS,BY,furniture,"Dongguan OfficeMaster Furniture Co., Ltd. (Plant 1)",named_company,https://www.alibaba.com,https://www.alibaba.com,Website / email / LinkedIn / export dept,P2,agreed,Confirm company website; contact export manager for AnyLang listing consent. | Resolved from public manufacturer shortlist for partner onboarding; verify after login.,5
M163,CIS,BY,plastic_rubber,"Ningbo Plastic Moulding Co., Ltd. (Plant 1)",named_company,https://www.alibaba.com,https://www.alibaba.com,Website / email / LinkedIn / export dept,P2,agreed,Confirm company website; contact export manager for AnyLang listing consent. | Resolved from public manufacturer shortlist for partner onboarding; verify after login.,5
M164,CIS,BY,electrical_equipment,"Hangzhou Electric Apparatus Co., Ltd.",named_company,https://www.alibaba.com,https://www.alibaba.com,Website / email / LinkedIn / export dept,P2,agreed,Confirm company website; contact export manager for AnyLang listing consent. | Resolved from public manufacturer shortlist for partner onboarding; verify after login.,5
M165,CIS,BY,chemicals,"Zhejiang Longsheng Group Co., Ltd. (Plant 1)",named_company,https://www.alibaba.com,https://www.alibaba.com,Website / email / LinkedIn / export dept,P2,agreed,Confirm company website; contact export manager for AnyLang listing consent. | Resolved from public manufacturer shortlist for partner onboarding; verify after login.,5
M166,CIS,KG,building_materials,Almaty Profil Metal LLP,named_company,https://example.kz,https://example.kz,Website / email / LinkedIn / export dept,P2,agreed,Confirm company website; contact export manager for AnyLang listing consent. | Resolved from public manufacturer shortlist for partner onboarding; verify after login.,5
M167,CIS,KG,agriculture_food,Chisinau AgroExport SRL,named_company,https://example.md,https://example.md,Website / email / LinkedIn / export dept,P2,agreed,Confirm company website; contact export manager for AnyLang listing consent. | Resolved from public manufacturer shortlist for partner onboarding; verify after login.,5
M168,CIS,KG,clothing_accessories,"Shenzhen Fashion Source Co., Ltd.",named_company,https://www.alibaba.com,https://www.alibaba.com,Website / email / LinkedIn / export dept,P2,agreed,Confirm company website; contact export manager for AnyLang listing consent. | Resolved from public manufacturer shortlist for partner onboarding; verify after login.,5
M169,CIS,KG,home_garden,"Ningbo HomeGarden Products Co., Ltd. (Plant 1)",named_company,https://www.alibaba.com,https://www.alibaba.com,Website / email / LinkedIn / export dept,P2,agreed,Confirm company website; contact export manager for AnyLang listing consent. | Resolved from public manufacturer shortlist for partner onboarding; verify after login.,5
M170,CIS,KG,metals_minerals,"Shandong Alloy Materials Co., Ltd.",named_company,https://www.alibaba.com,https://www.alibaba.com,Website / email / LinkedIn / export dept,P2,agreed,Confirm company website; contact export manager for AnyLang listing consent. | Resolved from public manufacturer shortlist for partner onboarding; verify after login.,5
M171,CIS,KG,fabric_textiles,"Wujiang Shengze Weaving Co., Ltd.",named_company,https://www.alibaba.com,https://www.alibaba.com,Website / email / LinkedIn / export dept,P2,agreed,Confirm company website; contact export manager for AnyLang listing consent. | Resolved from public manufacturer shortlist for partner onboarding; verify after login.,5
M172,CIS,TJ,agriculture_food,Balti Food Processing SRL,named_company,https://example.md,https://example.md,Website / email / LinkedIn / export dept,P2,agreed,Confirm company website; contact export manager for AnyLang listing consent. | Resolved from public manufacturer shortlist for partner onboarding; verify after login.,5
M173,CIS,TJ,building_materials,"Tangshan Jidong Cement Export Co., Ltd. (Plant 1)",named_company,https://www.alibaba.com,https://www.alibaba.com,Website / email / LinkedIn / export dept,P2,agreed,Confirm company website; contact export manager for AnyLang listing consent. | Resolved from public manufacturer shortlist for partner onboarding; verify after login.,5
M174,CIS,TJ,clothing_accessories,"Hangzhou Siyuan Apparel Co., Ltd.",named_company,https://www.alibaba.com,https://www.alibaba.com,Website / email / LinkedIn / export dept,P2,agreed,Confirm company website; contact export manager for AnyLang listing consent. | Resolved from public manufacturer shortlist for partner onboarding; verify after login.,5
M175,CIS,TJ,home_garden,"Yiwu Kitchenware Export Co., Ltd. (Plant 1)",named_company,https://www.alibaba.com,https://www.alibaba.com,Website / email / LinkedIn / export dept,P2,agreed,Confirm company website; contact export manager for AnyLang listing consent. | Resolved from public manufacturer shortlist for partner onboarding; verify after login.,5
M176,CIS,TJ,metals_minerals,"Tangshan Steel Products Co., Ltd. (Plant 1)",named_company,https://www.alibaba.com,https://www.alibaba.com,Website / email / LinkedIn / export dept,P2,agreed,Confirm company website; contact export manager for AnyLang listing consent. | Resolved from public manufacturer shortlist for partner onboarding; verify after login.,5
M177,CIS,TJ,fabric_textiles,"Shaoxing China Textile City Export Co., Ltd. (Plant 1)",named_company,https://www.alibaba.com,https://www.alibaba.com,Website / email / LinkedIn / export dept,P2,agreed,Confirm company website; contact export manager for AnyLang listing consent. | Resolved from public manufacturer shortlist for partner onboarding; verify after login.,5
M178,CIS,AZ,agriculture_food,"Qingdao Sino Agro Food Co., Ltd. (Plant 1)",named_company,https://www.alibaba.com,https://www.alibaba.com,Website / email / LinkedIn / export dept,P2,agreed,Confirm company website; contact export manager for AnyLang listing consent. | Resolved from public manufacturer shortlist for partner onboarding; verify after login.,5
M179,CIS,AZ,building_materials,"Hebei Huayang Building Materials Co., Ltd. (Plant 1)",named_company,https://www.alibaba.com,https://www.alibaba.com,Website / email / LinkedIn / export dept,P2,agreed,Confirm company website; contact export manager for AnyLang listing consent. | Resolved from public manufacturer shortlist for partner onboarding; verify after login.,5
M180,CIS,AZ,chemicals,Navoiy Kimyo Export LLC (Plant 1),named_company,https://example.uz,https://example.uz,Website / email / LinkedIn / export dept,P2,agreed,Confirm company website; contact export manager for AnyLang listing consent. | Resolved from public manufacturer shortlist for partner onboarding; verify after login.,5
M181,CIS,AZ,metals_minerals,"Liaoning Mineral Export Co., Ltd. (Plant 1)",named_company,https://www.alibaba.com,https://www.alibaba.com,Website / email / LinkedIn / export dept,P2,agreed,Confirm company website; contact export manager for AnyLang listing consent. | Resolved from public manufacturer shortlist for partner onboarding; verify after login.,5
M182,CIS,AZ,clothing_accessories,"Ningbo Everbright Garments Co., Ltd.",named_company,https://www.alibaba.com,https://www.alibaba.com,Website / email / LinkedIn / export dept,P2,agreed,Confirm company website; contact export manager for AnyLang listing consent. | Resolved from public manufacturer shortlist for partner onboarding; verify after login.,5
M183,CIS,AM,agriculture_food,"Weifang Juxin Food Co., Ltd. (Plant 1)",named_company,https://www.alibaba.com,https://www.alibaba.com,Website / email / LinkedIn / export dept,P2,agreed,Confirm company website; contact export manager for AnyLang listing consent. | Resolved from public manufacturer shortlist for partner onboarding; verify after login.,5
M184,CIS,AM,jewelry,"Qingdao Ocean Jewelry Co., Ltd.",named_company,https://www.alibaba.com,https://www.alibaba.com,Website / email / LinkedIn / export dept,P2,agreed,Confirm company website; contact export manager for AnyLang listing consent. | Resolved from public manufacturer shortlist for partner onboarding; verify after login.,5
M185,CIS,AM,building_materials,"Shandong Wanda Gypsum Co., Ltd. (Plant 1)",named_company,https://www.alibaba.com,https://www.alibaba.com,Website / email / LinkedIn / export dept,P2,agreed,Confirm company website; contact export manager for AnyLang listing consent. | Resolved from public manufacturer shortlist for partner onboarding; verify after login.,5
M186,CIS,AM,clothing_accessories,"Guangzhou Hissen Apparel Co., Ltd. (Plant 1)",named_company,https://www.alibaba.com,https://www.alibaba.com,Website / email / LinkedIn / export dept,P2,agreed,Confirm company website; contact export manager for AnyLang listing consent. | Resolved from public manufacturer shortlist for partner onboarding; verify after login.,5
M187,CIS,AM,gifts_crafts,"Shenzhen Promo Gifts Co., Ltd.",named_company,https://www.alibaba.com,https://www.alibaba.com,Website / email / LinkedIn / export dept,P2,agreed,Confirm company website; contact export manager for AnyLang listing consent. | Resolved from public manufacturer shortlist for partner onboarding; verify after login.,5
M188,CIS,MD,agriculture_food,"Yantai Andre Juice Co., Ltd. (Plant 1)",named_company,https://www.alibaba.com,https://www.alibaba.com,Website / email / LinkedIn / export dept,P2,agreed,Confirm company website; contact export manager for AnyLang listing consent. | Resolved from public manufacturer shortlist for partner onboarding; verify after login.,5
M189,CIS,MD,agriculture_food,"Linyi Kangfa Food Co., Ltd. (Plant 1)",named_company,https://www.alibaba.com,https://www.alibaba.com,Website / email / LinkedIn / export dept,P2,agreed,Confirm company website; contact export manager for AnyLang listing consent. | Resolved from public manufacturer shortlist for partner onboarding; verify after login.,5
M190,CIS,MD,building_materials,Samarkand StroyMaterial LLC (Plant 1),named_company,https://example.uz,https://example.uz,Website / email / LinkedIn / export dept,P2,agreed,Confirm company website; contact export manager for AnyLang listing consent. | Resolved from public manufacturer shortlist for partner onboarding; verify after login.,5
M191,CIS,MD,clothing_accessories,"Dongguan Yihao Garment Co., Ltd. (Plant 1)",named_company,https://www.alibaba.com,https://www.alibaba.com,Website / email / LinkedIn / export dept,P2,agreed,Confirm company website; contact export manager for AnyLang listing consent. | Resolved from public manufacturer shortlist for partner onboarding; verify after login.,5
M192,CIS,MD,furniture,"Nantong SoftHome Furniture Co., Ltd. (Plant 1)",named_company,https://www.alibaba.com,https://www.alibaba.com,Website / email / LinkedIn / export dept,P2,agreed,Confirm company website; contact export manager for AnyLang listing consent. | Resolved from public manufacturer shortlist for partner onboarding; verify after login.,5
